Mes,Valor_Aluguel,Descricao
Mês 1,855.0,Aluguel apartamento - Mês 1
Mês 2,855.0,Aluguel apartamento - Mês 2
Mês 3,855.0,Aluguel apartamento - Mês 3
Mês 4,855.0,Aluguel apartamento - Mês 4
Mês 5,855.0,Aluguel apartamento - Mês 5
Mês 6,855.0,Aluguel apartamento - Mês 6
Mês 7,855.0,Aluguel apartamento - Mês 7
Mês 8,855.0,Aluguel apartamento - Mês 8
Mês 9,855.0,Aluguel apartamento - Mês 9
Mês 10,855.0,Aluguel apartamento - Mês 10
Mês 11,855.0,Aluguel apartamento - Mês 11
Mês 12,855.0,Aluguel apartamento - Mês 12
